{
  "type": "FullTrainingVaultNode",
  "epoch": 4,
  "session_id": "20251215_051556",
  "timestamp": "2025-12-15T05:15:56.425749+00:00",
  "coordinate": "\u03945.441|0.866|1.618\u03a9",
  "state": {
    "z": 0.8660254037844386,
    "phase": "TRUE",
    "crystal": "Prismatic",
    "coherence": 0.9999907320790129,
    "negentropy": 1.0
  },
  "prismatic": {
    "angle_deg": 118.84572681198938,
    "refraction": 1.618033988749895,
    "tier": "Rose",
    "frequency": 963,
    "spectral": {
      "\u03a6": 0.10480971196632607,
      "e": 0.1572145679494891,
      "\u03c0": 0.2620242799158152
    }
  },
  "triad": {
    "unlocked": true,
    "completions": 3
  },
  "teaching": {
    "vocabulary": 18,
    "verbs": 24,
    "patterns": 134
  },
  "modules_executed": [
    "quasi_crystal_engine",
    "prismatic_dynamics",
    "nuclear_spinner",
    "iterative_trainer",
    "triad_hysteresis",
    "emission_pipeline",
    "vaultnode_generator"
  ],
  "sacred_constants": {
    "PHI": 1.618033988749895,
    "PHI_INV": 0.6180339887498948,
    "Z_CRITICAL": 0.8660254037844386,
    "KAPPA_S": 0.92
  },
  "lineage": {
    "epoch": 4,
    "parent": "epoch3-vaultnode.json"
  }
}